{
	"system" : {
		"platform" : "windows64",
		"os_name" : "Windows 10",
		"os_version" : "10.0"
	},
	"error" : {
		"executable" : "quartus",
		"comment" : "not_applicable",
		"error_message" : "Access Violation at 0X000001C768E75660",
		"source_file" : "unknown",
		"line" : "0",
		"stack_trace" : "\t0x1c768e7565f:\n\t0x7ffaeb3fcff7: db_vdb + 0x3cff7 (?clear@VDB_LEVEL_COLLECTION@@QEAAXXZ + 0x2f)\n\t0x7ffaeb3fcefa: db_vdb + 0x3cefa (??1VDB_LEVEL_COLLECTION@@QEAA@XZ + 0x1a)\n\t0x7ffad3be7001: edt_wedtq + 0x27001 (??1WEDTQ_PREVIOUS_LEVELS@@QEAA@XZ + 0x41)\n\t0x7ffad3c2d0be: edt_wedtq + 0x6d0be (?append_children_nodes@WEDTQ_OVERWRITE_COUNT_VALUE_COMMAND@@QEAAXPEAVVDB_CHANNEL@@@Z + 0x27e)\n\t0x7ffad3c3425b: edt_wedtq + 0x7425b (?insert_count_value@WEDTQ_OVERWRITE_COUNT_VALUE_COMMAND@@QEAAXPEAVVDB_CHANNEL@@@Z + 0x17b)\n\t0x7ffad3c30540: edt_wedtq + 0x70540 (?execute@WEDTQ_OVERWRITE_COUNT_VALUE_COMMAND@@UEAA_NXZ + 0x240)\n\t0x7ffad3c1698c: edt_wedtq + 0x5698c (?update_overwrite_counter_value@WEDTQ_WAVEFORM_VIEW@@QEAAXXZ + 0x14c)\n\t 0x5fe5c420: QtCore4 + 0x11c420 (?activate@QMetaObject@@SAXPEAVQObject@@PEBU1@HPEAPEAX@Z + 0x520)\n\t 0x6003a23f: QtGui4 + 0xa23f (?activate@QAction@@QEAAXW4ActionEvent@1@@Z + 0xdf)\n\t 0x603739b5: QtGui4 + 0x3439b5 (?click@QAbstractButton@@QEAAXXZ + 0x135)\n\t 0x60374899: QtGui4 + 0x344899 (?mouseReleaseEvent@QAbstractButton@@MEAAXPEAVQMouseEvent@@@Z + 0x59)\n\t 0x6042031e: QtGui4 + 0x3f031e (?mouseReleaseEvent@QToolButton@@MEAAXPEAVQMouseEvent@@@Z + 0xe)\n\t 0x60090794: QtGui4 + 0x60794 (?event@QWidget@@MEAA_NPEAVQEvent@@@Z + 0xd4)\n\t 0x60052e95: QtGui4 + 0x22e95 (?notify_helper@QApplicationPrivate@@QEAA_NPEAVQObject@@PEAVQEvent@@@Z + 0xf5)\n\t 0x60051a8e: QtGui4 + 0x21a8e (?notify@QApplication@@UEAA_NPEAVQObject@@PEAVQEvent@@@Z + 0x71e)\n\t 0x5fe4d92b: QtCore4 + 0x10d92b (?notifyInternal@QCoreApplication@@AEAA_NPEAVQObject@@PEAVQEvent@@@Z + 0x7b)\n\t 0x60055cfe: QtGui4 + 0x25cfe (?sendMouseEvent@QApplicationPrivate@@SA_NPEAVQWidget@@PEAVQMouseEvent@@00PEAPEAV2@AEAV?$QPointer@VQWidget@@@@_N@Z + 0x1de)\n\t 0x600b56f0: QtGui4 + 0x856f0 (?trUtf8@QScrollBar@@SA?AVQString@@PEBD0H@Z + 0x1440)\n\t 0x600b90b1: QtGui4 + 0x890b1 (?winMouseButtonUp@QApplication@@SAXXZ + 0x2761)\n\t0x7ffb1cd174d5: USER32 + 0x174d5 (DispatchMessageW + 0x6a5)\n\t0x7ffb1cd16ff1: USER32 + 0x16ff1 (DispatchMessageW + 0x1c1)\n\t 0x5fe72802: QtCore4 + 0x132802 (?processEvents@QEventDispatcherWin32@@UEAA_NV?$QFlags@W4ProcessEventsFlag@QEventLoop@@@@@Z + 0x3e2)\n\t 0x600b0eb4: QtGui4 + 0x80eb4 (?openPopup@QApplicationPrivate@@QEAAXPEAVQWidget@@@Z + 0x204)\n\t 0x5fe4a88b: QtCore4 + 0x10a88b (?exec@QEventLoop@@QEAAHV?$QFlags@W4ProcessEventsFlag@QEventLoop@@@@@Z + 0x22b)\n\t 0x5fe4ce6f: QtCore4 + 0x10ce6f (?exec@QCoreApplication@@SAHXZ + 0xdf)\n\t0x7ff7f9c4197b: quartus + 0x197b (?qgq_main@@YAHHPEAPEBD@Z + 0x7b)\n\t0x7ffb0e652e98: CCL_MSG + 0x12e98 (?msg_main_thread@@YAPEAXPEAX@Z + 0x18)\n\t0x7ffb0e65467e: CCL_MSG + 0x1467e (?msg_thread_wrapper@@YAPEAXP6APEAXPEAX@Z0@Z + 0x6e)\n\t0x7ffb0e586660: ccl_mem + 0x16660 (?mem_thread_wrapper@@YAPEAXP6APEAXPEAX@Z0@Z + 0x70)\n\t0x7ffb0e652761: CCL_MSG + 0x12761 (?msg_exe_main@@YAHHPEAPEBDP6AHH0@Z@Z + 0xa1)\n\t0x7ff7f9c424e7: quartus + 0x24e7 (WinMain + 0x127)\n\t0x7ff7f9c41e58: quartus + 0x1e58 (__tmainCRTStartup + 0x148)\n\t0x7ffb1ec07973: KERNEL32 + 0x17973 (BaseThreadInitThunk + 0x13)\n\t0x7ffb1ed3a2d0: ntdll + 0x5a2d0 (RtlUserThreadStart + 0x20)\n",
		"subsystem" : "unknown"
	},
	"quartus" : {
		"quartus_bits" : "64",
		"version" : "17.1.0",
		"build" : "590",
		"edition" : "Lite Edition"
	}
}