{
	"partitions" : [
		{
			"name" : "Top",
			"pins" : [
				{
					"name" : "Gate",
					"strict" : false
				},
				{
					"name" : "ClkAff",
					"strict" : false
				},
				{
					"name" : "ClkDiv",
					"strict" : false
				},
				{
					"name" : "CMdLeds[0]",
					"strict" : false
				},
				{
					"name" : "CMdLeds[1]",
					"strict" : false
				},
				{
					"name" : "CMdLeds[2]",
					"strict" : false
				},
				{
					"name" : "CMdLeds[3]",
					"strict" : false
				},
				{
					"name" : "CMdLeds[4]",
					"strict" : false
				},
				{
					"name" : "CMdLeds[5]",
					"strict" : false
				},
				{
					"name" : "CMdLeds[6]",
					"strict" : false
				},
				{
					"name" : "CMdLeds[7]",
					"strict" : false
				},
				{
					"name" : "CMdLeds[8]",
					"strict" : false
				},
				{
					"name" : "CMdLeds[9]",
					"strict" : false
				},
				{
					"name" : "CMdLeds[10]",
					"strict" : false
				},
				{
					"name" : "CMdLeds[11]",
					"strict" : false
				},
				{
					"name" : "CMdLeds[12]",
					"strict" : false
				},
				{
					"name" : "CMdLeds[13]",
					"strict" : false
				},
				{
					"name" : "CMdLeds[14]",
					"strict" : false
				},
				{
					"name" : "CMdLeds[15]",
					"strict" : false
				},
				{
					"name" : "CMdLeds[16]",
					"strict" : false
				},
				{
					"name" : "CMdLeds[17]",
					"strict" : false
				},
				{
					"name" : "RpmAff[14]",
					"strict" : false
				},
				{
					"name" : "RpmAff[13]",
					"strict" : false
				},
				{
					"name" : "RpmAff[12]",
					"strict" : false
				},
				{
					"name" : "RpmAff[11]",
					"strict" : false
				},
				{
					"name" : "RpmAff[10]",
					"strict" : false
				},
				{
					"name" : "RpmAff[9]",
					"strict" : false
				},
				{
					"name" : "RpmAff[8]",
					"strict" : false
				},
				{
					"name" : "RpmAff[7]",
					"strict" : false
				},
				{
					"name" : "RpmAff[6]",
					"strict" : false
				},
				{
					"name" : "RpmAff[5]",
					"strict" : false
				},
				{
					"name" : "RpmAff[4]",
					"strict" : false
				},
				{
					"name" : "RpmAff[3]",
					"strict" : false
				},
				{
					"name" : "RpmAff[2]",
					"strict" : false
				},
				{
					"name" : "RpmAff[1]",
					"strict" : false
				},
				{
					"name" : "RpmAff[0]",
					"strict" : false
				},
				{
					"name" : "RpmNum[14]",
					"strict" : false
				},
				{
					"name" : "RpmNum[13]",
					"strict" : false
				},
				{
					"name" : "RpmNum[12]",
					"strict" : false
				},
				{
					"name" : "RpmNum[11]",
					"strict" : false
				},
				{
					"name" : "RpmNum[10]",
					"strict" : false
				},
				{
					"name" : "RpmNum[9]",
					"strict" : false
				},
				{
					"name" : "RpmNum[8]",
					"strict" : false
				},
				{
					"name" : "RpmNum[7]",
					"strict" : false
				},
				{
					"name" : "RpmNum[6]",
					"strict" : false
				},
				{
					"name" : "RpmNum[5]",
					"strict" : false
				},
				{
					"name" : "RpmNum[4]",
					"strict" : false
				},
				{
					"name" : "RpmNum[3]",
					"strict" : false
				},
				{
					"name" : "RpmNum[2]",
					"strict" : false
				},
				{
					"name" : "RpmNum[1]",
					"strict" : false
				},
				{
					"name" : "RpmNum[0]",
					"strict" : false
				},
				{
					"name" : "Rpm",
					"strict" : false
				},
				{
					"name" : "Clk",
					"strict" : false
				}
			]
		}
	]
}