{
	"partitions" : [
		{
			"name" : "Top",
			"pins" : [
				{
					"name" : "RpmNum[0]",
					"strict" : false
				},
				{
					"name" : "RpmNum[1]",
					"strict" : false
				},
				{
					"name" : "RpmNum[2]",
					"strict" : false
				},
				{
					"name" : "RpmNum[3]",
					"strict" : false
				},
				{
					"name" : "RpmNum[4]",
					"strict" : false
				},
				{
					"name" : "RpmNum[5]",
					"strict" : false
				},
				{
					"name" : "RpmNum[6]",
					"strict" : false
				},
				{
					"name" : "RpmNum[7]",
					"strict" : false
				},
				{
					"name" : "RpmNum[8]",
					"strict" : false
				},
				{
					"name" : "RpmNum[9]",
					"strict" : false
				},
				{
					"name" : "RpmNum[10]",
					"strict" : false
				},
				{
					"name" : "RpmNum[11]",
					"strict" : false
				},
				{
					"name" : "RpmNum[12]",
					"strict" : false
				},
				{
					"name" : "RpmNum[13]",
					"strict" : false
				},
				{
					"name" : "RpmNum[14]",
					"strict" : false
				},
				{
					"name" : "Clk",
					"strict" : false
				},
				{
					"name" : "Gate",
					"strict" : false
				}
			]
		}
	]
}