{
	"partitions" : [
		{
			"name" : "Top",
			"pins" : [
				{
					"name" : "CmdLeds[17]",
					"strict" : false
				},
				{
					"name" : "CmdLeds[16]",
					"strict" : false
				},
				{
					"name" : "CmdLeds[15]",
					"strict" : false
				},
				{
					"name" : "CmdLeds[14]",
					"strict" : false
				},
				{
					"name" : "CmdLeds[13]",
					"strict" : false
				},
				{
					"name" : "CmdLeds[12]",
					"strict" : false
				},
				{
					"name" : "CmdLeds[11]",
					"strict" : false
				},
				{
					"name" : "CmdLeds[10]",
					"strict" : false
				},
				{
					"name" : "CmdLeds[9]",
					"strict" : false
				},
				{
					"name" : "CmdLeds[8]",
					"strict" : false
				},
				{
					"name" : "CmdLeds[7]",
					"strict" : false
				},
				{
					"name" : "CmdLeds[6]",
					"strict" : false
				},
				{
					"name" : "CmdLeds[5]",
					"strict" : false
				},
				{
					"name" : "CmdLeds[4]",
					"strict" : false
				},
				{
					"name" : "CmdLeds[3]",
					"strict" : false
				},
				{
					"name" : "CmdLeds[2]",
					"strict" : false
				},
				{
					"name" : "CmdLeds[1]",
					"strict" : false
				},
				{
					"name" : "CmdLeds[0]",
					"strict" : false
				},
				{
					"name" : "ClkAff",
					"strict" : false
				},
				{
					"name" : "rpmAff[13]",
					"strict" : false
				},
				{
					"name" : "rpmAff[9]",
					"strict" : false
				},
				{
					"name" : "rpmAff[8]",
					"strict" : false
				},
				{
					"name" : "rpmAff[7]",
					"strict" : false
				},
				{
					"name" : "rpmAff[10]",
					"strict" : false
				},
				{
					"name" : "rpmAff[11]",
					"strict" : false
				},
				{
					"name" : "rpmAff[12]",
					"strict" : false
				},
				{
					"name" : "rpmAff[5]",
					"strict" : false
				},
				{
					"name" : "rpmAff[4]",
					"strict" : false
				},
				{
					"name" : "rpmAff[3]",
					"strict" : false
				},
				{
					"name" : "rpmAff[0]",
					"strict" : false
				},
				{
					"name" : "rpmAff[1]",
					"strict" : false
				},
				{
					"name" : "rpmAff[2]",
					"strict" : false
				},
				{
					"name" : "rpmAff[6]",
					"strict" : false
				},
				{
					"name" : "rpmAff[14]",
					"strict" : false
				}
			]
		}
	]
}